customer_id,gender,age,annual_income_k,spending_score,app_sessions_per_week,online_orders_per_month,store_visits_per_month,promo_response_rate,loyalty_months,family_size,city_tier,preferred_channel,seasonal_spending_index,returns_rate,order_value_avg,membership_tier,monthly_spend_k
1225,Female,37,89.1,59,10.4,5.2,4.3,0.321,25,2,Tier 2,App,0.964,0.086,22.67,Silver,37.8
1043,Female,28,91.7,68,7.0,2.2,6.8,0.436,21,3,Tier 3,Store,0.858,0.08,32.67,Silver,36.5
1286,Female,30,68.6,58,8.5,2.4,5.3,0.339,9,5,Tier 2,Website,0.781,0.083,23.28,Bronze,32.6
1303,Male,46,50.3,52,8.4,3.9,9.1,0.386,13,2,Tier 2,Store,0.854,0.121,16.54,Silver,30.6
1057,Male,33,98.1,42,9.0,9.1,1.5,0.253,16,5,Tier 1,App,0.996,0.081,20.67,Silver,38.3
1273,Female,35,62.3,76,8.9,3.4,3.1,0.506,15,1,Tier 2,Website,1.06,0.047,25.14,Silver,36.2
1016,Non-binary,26,127.9,67,10.3,7.7,2.8,0.469,10,1,Tier 1,App,1.024,0.093,35.0,Bronze,45.5
1058,Female,54,103.9,59,0.8,5.5,10.9,0.437,6,3,Tier 2,Store,0.952,0.073,31.76,Bronze,37.2
1249,Female,70,31.5,49,6.3,3.2,1.2,0.308,34,4,Tier 2,Website,1.014,0.134,11.85,Gold,26.9
1125,Female,46,70.6,51,10.5,6.4,5.4,0.45,20,4,Tier 1,App,1.018,0.082,22.42,Silver,35.2
1083,Male,32,80.7,60,8.4,5.0,13.1,0.446,26,2,Tier 2,Store,1.116,0.037,24.64,Silver,36.4
1355,Female,49,66.9,35,6.6,1.4,8.9,0.299,16,6,Tier 2,Store,0.891,0.115,11.96,Silver,26.8
1211,Male,47,37.2,43,5.7,1.6,10.6,0.285,40,3,Tier 1,Store,1.069,0.057,6.33,Gold,25.0
1340,Female,43,67.2,56,13.0,7.6,5.0,0.438,42,4,Tier 3,App,0.973,0.09,21.35,Gold,37.4
1120,Female,33,134.3,60,4.1,2.0,6.8,0.449,43,4,Tier 3,Store,1.056,0.174,35.0,Gold,38.8
1127,Female,54,53.3,89,9.6,6.8,3.3,0.559,15,3,Tier 1,App,1.157,0.06,25.85,Silver,40.6
1204,Male,44,53.6,39,8.1,7.0,9.9,0.338,21,5,Tier 3,Store,0.91,0.09,12.61,Silver,30.9
1301,Male,57,31.4,44,5.9,1.9,6.3,0.467,63,2,Tier 2,Website,0.942,0.064,8.07,Platinum,24.8
1140,Female,70,36.1,47,7.7,4.3,7.0,0.243,13,6,Tier 3,Store,0.801,0.133,5.39,Silver,28.3
1357,Female,39,34.5,63,11.4,3.7,1.2,0.376,9,5,Tier 3,Website,0.973,0.168,12.51,Bronze,31.6
1141,Male,41,104.7,43,6.0,2.5,5.3,0.296,7,3,Tier 1,Website,0.959,0.108,24.98,Bronze,33.2
1223,Male,38,64.9,57,10.7,1.2,5.1,0.58,15,3,Tier 3,Website,0.927,0.071,22.68,Silver,31.6
1325,Non-binary,58,61.6,34,3.4,3.9,9.8,0.302,35,2,Tier 2,Store,1.086,0.092,10.77,Gold,27.2
1034,Male,26,83.0,85,10.6,7.3,1.0,0.482,5,5,Tier 1,App,1.31,0.076,27.7,Bronze,43.8
1298,Male,32,76.3,50,7.4,7.3,8.7,0.319,22,6,Tier 2,Store,0.959,0.166,22.69,Silver,35.6
1221,Male,33,22.0,47,3.3,4.7,12.9,0.296,9,5,Tier 2,Store,0.847,0.131,7.91,Bronze,25.9
1148,Female,34,82.4,49,11.6,0.0,5.1,0.368,13,1,Tier 3,Website,0.847,0.101,22.53,Silver,31.3
1326,Female,45,60.5,36,6.0,4.1,8.5,0.211,8,3,Tier 2,Store,0.834,0.092,11.92,Bronze,28.3
1026,Female,32,52.9,63,10.7,3.0,10.0,0.396,26,2,Tier 2,Store,0.8,0.105,18.61,Silver,32.9
1074,Female,42,28.1,48,11.2,4.9,4.0,0.434,39,3,Tier 1,Website,1.096,0.039,8.56,Gold,28.9
1268,Male,40,104.7,62,1.4,2.9,10.5,0.391,10,1,Tier 1,Store,1.2,0.098,33.96,Bronze,36.0
1010,Female,26,92.3,43,8.3,3.1,10.2,0.345,11,4,Tier 2,Store,1.008,0.117,18.01,Bronze,32.9
1348,Female,43,85.4,59,4.6,3.8,10.4,0.362,22,2,Tier 2,Store,1.265,0.055,27.9,Silver,34.8
1149,Male,49,58.6,38,4.7,4.7,8.4,0.473,21,4,Tier 1,Store,0.954,0.15,9.85,Silver,28.6
1114,Male,19,76.4,52,6.0,3.0,1.2,0.394,19,3,Tier 1,Website,0.934,0.08,18.31,Silver,32.2
1040,Male,44,55.1,53,9.0,1.6,3.2,0.335,51,5,Tier 3,Website,1.074,0.151,16.36,Gold,29.7
1023,Female,51,33.5,27,14.5,7.4,2.1,0.436,33,2,Tier 2,App,0.733,0.085,3.95,Gold,28.4
1352,Female,46,88.8,37,9.6,6.1,5.3,0.39,29,5,Tier 2,App,0.824,0.108,17.14,Silver,34.1
1095,Female,18,73.7,48,7.8,0.0,9.3,0.35,31,3,Tier 2,Store,0.985,0.054,18.81,Gold,29.2
1091,Female,44,68.9,47,7.6,4.9,8.1,0.306,22,1,Tier 2,Store,0.692,0.112,18.85,Silver,32.3
1181,Female,52,31.5,46,7.1,2.9,8.0,0.328,36,6,Tier 2,Store,1.117,0.148,8.29,Gold,26.3
1031,Female,62,22.0,37,4.6,2.5,9.4,0.359,6,2,Tier 2,Store,0.932,0.101,3.0,Bronze,22.6
1306,Male,23,31.1,43,3.9,2.0,7.2,0.336,8,2,Tier 1,Store,1.067,0.049,11.68,Bronze,24.2
1109,Male,46,98.5,72,9.5,6.4,3.9,0.661,8,3,Tier 1,App,1.154,0.109,35.0,Bronze,42.0
1158,Female,48,55.5,43,6.7,2.0,10.3,0.43,21,6,Tier 2,Store,1.002,0.135,13.47,Silver,27.6
1233,Female,40,115.7,66,4.2,3.4,6.4,0.486,15,1,Tier 2,Website,1.016,0.038,35.0,Silver,39.0
1056,Female,28,76.7,58,8.5,3.6,1.2,0.423,39,1,Tier 1,Website,0.929,0.084,20.21,Gold,34.5
1006,Male,20,107.6,83,13.0,5.8,5.5,0.591,12,5,Tier 2,App,1.077,0.072,35.0,Bronze,45.5
1046,Female,39,65.6,25,5.9,2.3,8.0,0.353,19,3,Tier 1,Store,1.112,0.084,12.2,Silver,25.3
1343,Female,37,47.3,41,8.7,4.9,9.2,0.304,11,1,Tier 2,Store,0.914,0.095,8.3,Bronze,29.1
1287,Female,39,86.8,64,6.2,3.6,12.3,0.625,12,4,Tier 1,Store,1.187,0.14,31.5,Bronze,36.1
1238,Female,34,91.5,88,7.6,9.6,4.3,0.51,25,2,Tier 3,App,1.103,0.085,35.0,Silver,46.4
1210,Female,32,76.5,55,10.8,9.3,7.6,0.547,21,4,Tier 1,App,1.053,0.089,20.05,Silver,39.0
1079,Non-binary,44,56.3,62,7.6,8.3,3.7,0.448,13,4,Tier 2,App,1.106,0.131,17.9,Silver,36.5
1334,Male,24,22.0,81,12.4,7.6,5.9,0.447,20,4,Tier 2,App,0.812,0.144,11.95,Silver,37.0
1284,Male,41,76.1,61,7.3,2.6,10.3,0.509,4,2,Tier 3,Store,0.969,0.133,25.93,Bronze,33.9
1004,Female,47,46.6,24,8.5,1.7,5.7,0.257,54,5,Tier 2,Store,1.048,0.139,4.07,Gold,23.2
1117,Male,39,97.5,52,4.3,3.5,8.4,0.462,15,2,Tier 1,Store,1.054,0.07,27.89,Silver,34.5
1077,Female,31,59.2,65,8.5,0.0,6.2,0.436,27,6,Tier 2,Website,1.065,0.113,22.2,Silver,31.0
1285,Female,23,63.9,54,12.7,6.4,1.4,0.451,41,3,Tier 3,App,0.986,0.074,14.78,Gold,35.6
1064,Female,43,36.5,57,9.3,1.0,7.9,0.452,15,2,Tier 3,Store,1.224,0.117,14.72,Silver,28.0
1047,Male,46,69.2,50,4.8,3.1,9.8,0.401,24,1,Tier 2,Store,0.861,0.113,19.05,Silver,30.8
1212,Female,20,70.4,62,7.4,4.4,1.8,0.377,14,2,Tier 2,Website,0.91,0.096,25.27,Silver,34.9
1078,Male,38,46.3,62,5.5,0.2,5.9,0.449,13,3,Tier 1,Website,1.081,0.053,18.16,Silver,28.4
1073,Non-binary,25,68.9,62,9.1,4.4,5.6,0.451,30,4,Tier 3,Website,1.006,0.135,20.92,Silver,35.2
1085,Male,22,63.8,72,8.3,4.0,7.0,0.456,30,1,Tier 3,Website,0.978,0.069,28.8,Silver,36.0
1359,Male,26,63.6,45,10.3,7.9,4.2,0.429,14,3,Tier 1,App,1.046,0.069,13.51,Silver,34.4
1200,Female,34,50.7,23,8.5,1.9,5.3,0.341,13,6,Tier 3,Website,0.892,0.103,5.44,Silver,23.6
1335,Female,36,52.2,29,5.0,1.1,1.6,0.393,11,1,Tier 1,Website,0.938,0.066,8.19,Bronze,23.4
1094,Female,35,121.8,54,7.2,2.5,8.7,0.392,17,3,Tier 2,Store,1.047,0.049,35.0,Silver,37.5
1199,Female,36,42.1,66,6.4,3.7,10.9,0.491,21,5,Tier 1,Store,1.008,0.08,11.59,Silver,31.7
1198,Male,31,47.2,56,7.2,2.3,9.2,0.313,28,3,Tier 3,Store,0.787,0.044,11.36,Silver,29.5
1290,Female,35,62.6,56,8.6,8.8,4.9,0.401,6,4,Tier 1,App,1.045,0.154,16.62,Bronze,36.7
1337,Male,28,22.0,47,7.2,4.7,4.5,0.231,24,4,Tier 2,Website,0.986,0.114,6.19,Silver,26.9
1232,Female,29,78.0,61,3.1,5.0,5.8,0.52,15,4,Tier 1,Store,0.998,0.14,27.48,Silver,34.9
1076,Female,44,57.5,46,7.3,1.8,3.8,0.341,20,5,Tier 1,Website,0.871,0.091,11.41,Silver,28.3
1195,Male,23,69.9,69,5.1,4.4,8.3,0.471,20,2,Tier 3,Store,1.186,0.088,24.81,Silver,35.6
1319,Female,48,81.3,62,7.9,3.3,8.3,0.376,46,3,Tier 2,Store,0.848,0.081,28.92,Gold,35.3
1017,Male,40,67.1,61,4.5,0.0,10.1,0.469,12,3,Tier 3,Store,0.883,0.068,23.42,Bronze,30.1
1067,Female,32,91.3,57,7.6,7.4,5.8,0.547,26,2,Tier 1,App,0.939,0.117,27.11,Silver,38.7
1133,Female,44,65.1,62,3.5,5.6,9.8,0.472,18,1,Tier 1,Store,1.174,0.063,24.44,Silver,34.3
1008,Male,32,52.3,60,13.8,6.8,2.0,0.384,23,2,Tier 2,App,0.885,0.11,16.98,Silver,36.0
1193,Male,31,79.1,63,3.4,1.5,5.0,0.578,11,6,Tier 1,Store,1.021,0.112,27.74,Bronze,32.7
1153,Non-binary,18,74.4,67,5.3,6.9,0.7,0.462,18,4,Tier 1,App,1.202,0.091,29.58,Silver,37.8
1324,Male,45,59.5,49,9.2,1.9,4.7,0.403,11,4,Tier 2,Website,0.814,0.127,15.83,Bronze,29.7
1315,Female,46,92.1,46,6.2,3.1,5.7,0.361,21,3,Tier 1,Website,0.967,0.081,29.2,Silver,32.9
1174,Female,21,82.9,59,4.8,1.0,7.4,0.306,28,5,Tier 3,Store,0.811,0.11,27.51,Silver,32.3
1159,Male,30,93.5,56,5.1,4.7,4.4,0.367,26,2,Tier 2,Website,0.927,0.033,30.43,Silver,36.0
1110,Female,18,48.9,15,8.1,6.3,6.5,0.191,17,5,Tier 2,Store,0.675,0.148,3.0,Silver,25.3
1296,Male,38,79.7,39,12.8,5.0,5.7,0.294,10,3,Tier 2,App,0.916,0.036,13.84,Bronze,33.4
1061,Male,18,74.2,56,11.2,4.5,4.2,0.438,7,6,Tier 2,Website,0.864,0.046,23.94,Bronze,35.2
1115,Female,37,86.9,44,9.0,5.1,4.2,0.42,23,2,Tier 1,App,1.104,0.065,20.27,Silver,34.2
1259,Male,34,57.3,30,10.8,5.8,4.6,0.518,25,5,Tier 1,App,0.917,0.08,4.48,Silver,29.3
1111,Male,41,80.3,58,2.7,2.9,8.5,0.425,10,1,Tier 3,Store,0.847,0.104,27.5,Bronze,32.8
1219,Non-binary,34,65.9,65,7.9,0.2,5.2,0.37,20,5,Tier 2,Website,0.911,0.14,25.83,Silver,31.7
1230,Non-binary,33,110.7,9,14.6,6.2,2.7,0.18,17,2,Tier 2,App,0.82,0.053,10.39,Silver,32.5
1018,Female,24,23.9,58,10.0,3.9,7.2,0.356,19,2,Tier 2,App,0.999,0.029,9.13,Silver,29.3
1146,Female,31,59.0,63,9.6,2.6,10.0,0.233,12,4,Tier 1,Store,1.092,0.128,25.96,Bronze,32.9
1025,Male,31,33.6,48,1.5,4.8,9.5,0.167,9,1,Tier 2,Store,1.111,0.115,9.98,Bronze,27.0
1102,Female,52,52.0,65,6.1,1.0,1.8,0.342,22,1,Tier 3,Website,1.155,0.049,24.28,Silver,30.4
1317,Male,37,129.2,76,8.7,4.7,2.3,0.554,18,1,Tier 1,App,1.09,0.04,35.0,Silver,44.6
1186,Female,54,68.2,76,6.3,7.8,0.8,0.378,18,4,Tier 1,App,1.117,0.125,27.48,Silver,39.8
1209,Male,25,85.2,54,2.8,6.7,4.9,0.427,20,2,Tier 1,App,1.194,0.076,21.21,Silver,35.7
1138,Female,46,63.9,54,9.2,4.1,3.8,0.421,18,1,Tier 3,App,0.85,0.092,20.09,Silver,32.9
1156,Non-binary,57,80.3,21,5.9,4.6,9.0,0.307,5,1,Tier 2,Store,0.9,0.036,10.77,Bronze,28.0
1226,Female,39,119.9,55,4.5,2.2,11.2,0.414,10,2,Tier 3,Store,0.963,0.032,35.0,Bronze,36.5
1356,Male,39,42.8,49,5.4,4.6,3.8,0.352,13,1,Tier 2,Website,1.017,0.064,6.17,Silver,29.0
1255,Female,33,52.6,36,7.8,4.2,6.1,0.157,10,1,Tier 2,Website,1.18,0.076,9.36,Bronze,27.9
1176,Female,38,87.3,69,5.4,6.2,9.0,0.452,20,3,Tier 1,Store,1.156,0.078,30.93,Silver,39.0
1266,Female,48,59.2,56,8.6,6.4,5.5,0.494,9,5,Tier 1,App,1.248,0.143,20.33,Bronze,34.4
1168,Female,41,75.2,46,5.0,4.2,9.0,0.361,22,2,Tier 2,Store,0.931,0.051,22.45,Silver,31.6
1194,Female,54,120.8,48,7.3,1.6,5.3,0.454,5,3,Tier 1,Website,0.877,0.053,31.66,Bronze,35.5
1020,Non-binary,35,61.0,19,11.4,4.7,6.8,0.327,10,3,Tier 2,App,0.954,0.0,10.49,Bronze,26.9
1282,Male,18,88.8,50,9.8,2.7,8.5,0.456,3,6,Tier 1,Store,0.943,0.107,21.07,Bronze,33.9
1080,Male,32,82.3,56,13.2,5.4,4.1,0.544,43,4,Tier 1,App,0.981,0.149,24.12,Gold,37.3
1164,Male,26,67.4,38,9.1,6.6,7.6,0.377,64,4,Tier 1,App,0.999,0.177,14.42,Platinum,32.2
1019,Male,47,110.5,34,11.1,2.1,6.5,0.518,30,2,Tier 3,Website,1.052,0.047,23.9,Silver,33.1
1302,Male,18,71.6,61,6.9,2.9,3.5,0.452,22,1,Tier 2,Website,0.941,0.051,21.82,Silver,33.5
1105,Female,25,45.2,24,8.0,1.8,6.6,0.345,48,2,Tier 3,Website,0.798,0.054,4.42,Gold,23.0
1279,Female,50,85.9,53,6.3,4.7,7.2,0.279,16,1,Tier 3,Website,1.071,0.069,17.52,Silver,34.9
1119,Male,55,72.2,73,9.8,4.3,6.0,0.568,17,3,Tier 2,Website,1.102,0.045,31.16,Silver,37.7
1032,Male,31,73.3,50,10.4,1.7,7.3,0.444,45,3,Tier 2,Website,1.066,0.037,19.85,Gold,31.5
1037,Male,35,90.2,43,10.1,1.1,5.7,0.352,21,2,Tier 1,Website,0.862,0.071,20.65,Silver,31.5
1154,Male,30,69.9,54,9.2,2.3,6.0,0.412,13,4,Tier 1,Store,0.94,0.066,23.55,Silver,32.1
1239,Female,23,77.8,57,5.4,1.9,7.1,0.443,20,1,Tier 3,Store,0.939,0.112,28.82,Silver,32.3
1313,Female,57,54.9,37,9.1,7.1,3.4,0.377,30,2,Tier 2,App,0.907,0.002,9.96,Silver,31.0
1336,Male,21,53.2,73,11.2,7.3,5.7,0.538,14,1,Tier 1,App,1.263,0.066,18.14,Silver,38.4
1251,Male,32,47.2,45,9.4,1.7,6.9,0.459,32,1,Tier 1,Website,1.015,0.075,11.03,Gold,27.5
1228,Male,59,51.9,2,7.7,4.1,4.2,0.092,10,2,Tier 2,App,0.804,0.121,4.13,Bronze,21.3
1060,Male,48,104.5,37,13.6,4.4,3.5,0.424,15,2,Tier 1,App,0.924,0.071,27.22,Silver,35.4
1112,Female,39,62.2,72,5.8,9.1,3.8,0.536,21,1,Tier 2,App,1.078,0.054,21.54,Silver,39.3
1345,Female,55,97.2,43,9.3,4.8,4.7,0.227,35,3,Tier 2,Website,1.005,0.043,21.15,Gold,35.0
1007,Female,38,54.2,53,12.3,4.0,3.8,0.476,39,2,Tier 1,App,1.048,0.018,19.19,Gold,32.3
1262,Male,33,72.8,32,5.8,3.5,4.0,0.231,2,3,Tier 3,Website,0.4,0.0,13.03,Bronze,28.3
1338,Male,40,48.9,53,8.9,0.9,4.6,0.544,10,2,Tier 2,Website,0.938,0.0,15.47,Bronze,28.4
1011,Male,47,72.3,56,6.7,3.9,2.1,0.385,40,1,Tier 1,Website,1.064,0.032,23.15,Gold,33.4
1166,Female,25,61.4,57,8.9,5.7,4.9,0.377,15,3,Tier 3,App,1.023,0.057,23.24,Silver,34.4
1104,Male,45,22.2,11,5.8,3.5,9.3,0.084,14,3,Tier 3,Store,0.899,0.098,3.0,Silver,18.8
1082,Female,28,79.9,41,5.0,5.6,6.1,0.259,10,5,Tier 3,Website,0.889,0.088,18.51,Bronze,32.3
1178,Male,38,99.5,45,9.9,3.2,7.2,0.363,41,4,Tier 1,Store,0.883,0.22,25.67,Gold,34.5
1240,Male,30,29.4,52,13.6,6.2,3.3,0.41,11,3,Tier 1,Website,0.901,0.064,11.47,Bronze,31.5
1183,Female,31,77.9,53,6.9,2.8,6.6,0.495,17,4,Tier 3,Website,0.976,0.113,24.45,Silver,32.6
1184,Male,49,67.7,71,12.5,6.1,2.4,0.313,10,3,Tier 2,App,0.878,0.029,28.65,Bronze,38.9
1243,Female,18,102.6,48,9.1,2.2,2.2,0.358,16,6,Tier 2,Website,0.946,0.12,27.82,Silver,34.4
1196,Female,25,64.6,70,13.5,6.8,1.6,0.43,11,2,Tier 1,App,1.414,0.046,28.05,Bronze,39.2
1093,Male,31,118.8,66,15.4,8.7,5.1,0.559,21,2,Tier 1,App,1.176,0.032,35.0,Silver,46.4
1070,Female,34,81.4,52,3.0,0.8,4.2,0.519,23,4,Tier 2,Website,0.851,0.111,24.29,Silver,30.2
1241,Female,25,84.4,80,13.5,8.4,5.3,0.518,20,1,Tier 3,App,1.004,0.157,32.92,Silver,44.6
1097,Male,20,97.8,55,5.4,1.4,6.7,0.392,13,4,Tier 2,Website,0.815,0.141,29.71,Silver,33.7
1144,Male,39,35.9,46,5.1,6.1,4.2,0.41,21,6,Tier 3,Website,0.962,0.071,14.35,Silver,28.8
1275,Female,55,64.5,45,5.6,2.0,9.5,0.333,22,1,Tier 2,Store,0.858,0.034,16.98,Silver,28.6
1098,Male,24,51.7,55,10.6,3.8,4.7,0.394,23,1,Tier 2,Website,0.926,0.056,15.0,Silver,31.8
1197,Male,44,53.9,67,9.9,2.7,5.1,0.325,21,3,Tier 2,Website,1.038,0.032,25.89,Silver,33.3
1069,Female,46,38.8,29,7.1,3.4,11.1,0.299,9,2,Tier 1,Store,0.859,0.117,4.57,Bronze,24.3
1024,Female,34,42.0,21,9.5,7.2,4.3,0.201,54,2,Tier 2,App,0.791,0.003,5.78,Gold,26.7
1038,Female,26,77.5,68,3.8,6.1,6.5,0.402,27,1,Tier 2,Store,0.989,0.026,32.65,Silver,37.3
1145,Non-binary,26,22.0,36,3.6,0.5,7.1,0.236,18,2,Tier 1,Store,1.044,0.129,5.14,Silver,20.6
1123,Female,39,74.2,76,8.3,10.0,5.3,0.414,14,3,Tier 1,App,1.018,0.068,30.77,Silver,42.7
1068,Female,30,113.3,58,6.5,4.3,6.3,0.341,18,5,Tier 2,Store,1.075,0.122,35.0,Silver,38.5
1339,Male,50,50.0,46,6.6,2.7,9.8,0.299,4,2,Tier 1,Store,0.912,0.078,17.06,Bronze,28.0
1342,Female,40,66.1,71,9.6,6.6,5.2,0.486,12,1,Tier 3,App,1.05,0.103,26.44,Bronze,38.4
1288,Non-binary,37,30.5,39,6.0,4.3,8.6,0.429,38,3,Tier 1,Store,1.079,0.153,7.05,Gold,25.7
1169,Male,34,78.2,19,9.3,3.8,4.0,0.32,14,5,Tier 1,App,0.979,0.172,10.73,Silver,27.6
1126,Male,40,67.9,56,4.6,0.9,6.1,0.192,8,2,Tier 3,Store,0.663,0.08,23.36,Bronze,30.0
1147,Female,29,130.1,46,5.6,2.3,6.4,0.423,6,2,Tier 2,Store,0.726,0.081,34.15,Bronze,36.3
1297,Non-binary,40,51.1,48,7.7,1.8,8.4,0.351,12,4,Tier 3,Store,0.886,0.16,13.34,Bronze,28.1
1087,Male,30,97.6,57,8.5,3.4,10.0,0.587,11,3,Tier 2,Store,1.16,0.04,31.6,Bronze,36.4
1304,Male,32,63.8,60,12.2,6.9,3.2,0.488,56,1,Tier 2,App,1.023,0.081,15.08,Gold,37.0
1177,Male,55,59.1,36,6.9,3.8,10.2,0.492,23,1,Tier 1,Store,1.068,0.078,12.22,Silver,28.1
1305,Non-binary,35,70.0,23,5.0,4.1,1.8,0.362,29,3,Tier 2,Website,0.764,0.031,11.68,Silver,26.6
1173,Female,31,61.2,46,9.6,3.9,5.5,0.41,10,2,Tier 3,Store,0.979,0.028,16.94,Bronze,31.0
1318,Female,28,82.1,48,2.3,4.4,10.9,0.383,36,3,Tier 1,Store,0.933,0.055,18.66,Gold,32.2
1256,Female,45,41.2,30,10.2,3.5,2.4,0.306,25,3,Tier 3,Website,0.878,0.087,11.42,Silver,25.6
1257,Male,41,89.1,70,4.5,5.7,6.2,0.512,25,1,Tier 1,Website,1.195,0.075,32.29,Silver,38.8
1182,Female,39,52.2,49,13.1,8.0,4.6,0.406,38,4,Tier 1,App,1.16,0.11,12.07,Gold,34.7
1254,Female,24,82.7,66,3.5,7.1,6.0,0.458,60,5,Tier 1,Website,1.158,0.117,25.44,Gold,38.2
1130,Female,25,88.0,71,5.5,4.9,6.1,0.571,14,4,Tier 1,Website,1.161,0.1,32.11,Silver,38.5
1039,Female,26,84.7,66,5.9,7.6,7.1,0.392,22,2,Tier 2,App,1.009,0.0,28.78,Silver,39.4
1012,Male,45,103.9,57,6.0,0.1,4.1,0.414,41,2,Tier 3,Website,0.912,0.045,33.77,Gold,33.8
1235,Female,27,41.3,39,6.3,1.7,6.4,0.343,22,4,Tier 1,Website,1.209,0.135,8.36,Silver,24.9
1341,Female,18,98.7,59,7.7,2.3,3.3,0.447,21,2,Tier 2,Website,1.078,0.024,33.01,Silver,35.8
1113,Male,29,65.2,37,8.1,2.9,8.9,0.249,1,2,Tier 2,Store,0.986,0.059,14.14,Bronze,28.5
1180,Female,39,53.1,27,1.6,1.7,5.3,0.236,20,5,Tier 3,Store,1.045,0.137,8.57,Silver,22.7
1234,Female,50,32.4,25,11.8,4.5,8.9,0.192,30,2,Tier 3,Website,0.798,0.054,8.41,Silver,24.9
1224,Male,23,46.3,68,1.7,4.9,9.1,0.46,7,5,Tier 3,Store,0.869,0.121,24.65,Bronze,32.4
1118,Female,36,44.6,67,6.0,3.2,8.5,0.577,13,1,Tier 3,Store,1.155,0.078,17.01,Silver,31.7
1333,Male,28,94.8,60,12.5,4.7,2.6,0.51,20,4,Tier 2,App,0.887,0.119,30.01,Silver,38.7
1347,Male,29,50.1,35,3.4,2.5,12.4,0.275,22,1,Tier 2,Store,0.918,0.11,12.46,Silver,25.0
1272,Male,40,133.2,83,9.9,5.6,2.6,0.508,32,4,Tier 2,Website,1.179,0.096,35.0,Gold,47.4
1327,Female,18,91.0,53,7.2,0.8,3.7,0.471,36,3,Tier 2,Website,0.903,0.069,23.48,Gold,32.5
1165,Male,46,105.7,41,2.4,1.8,7.7,0.349,6,1,Tier 2,Store,0.807,0.102,27.06,Bronze,31.5
1263,Male,39,78.5,56,2.0,3.3,10.8,0.413,41,3,Tier 1,Store,1.147,0.102,24.36,Gold,32.4
1246,Male,21,85.0,39,12.5,5.9,6.0,0.269,7,2,Tier 1,App,0.923,0.103,19.76,Bronze,34.6
1155,Male,35,91.0,29,3.9,3.2,7.8,0.298,10,4,Tier 2,Store,0.933,0.128,19.38,Bronze,29.1
1248,Male,58,82.8,38,8.6,4.2,11.7,0.265,13,5,Tier 2,Store,1.057,0.174,18.32,Silver,31.8
1003,Male,45,96.0,22,8.1,4.0,5.2,0.282,17,3,Tier 3,Website,0.828,0.036,17.27,Silver,30.0
1116,Female,30,63.9,40,5.4,6.2,3.9,0.619,14,4,Tier 1,App,0.946,0.067,14.11,Silver,30.9
1267,Female,38,62.1,30,5.8,3.9,7.2,0.379,34,2,Tier 1,Website,0.642,0.041,12.18,Gold,27.1
1203,Female,37,73.2,54,3.2,3.3,8.8,0.337,36,2,Tier 2,Store,0.924,0.068,23.11,Gold,31.8
1250,Female,22,84.9,59,7.1,0.9,7.8,0.409,18,1,Tier 2,Website,0.91,0.022,27.02,Silver,33.0
1121,Female,24,77.4,83,11.6,8.2,0.5,0.433,31,5,Tier 2,Website,1.27,0.124,35.0,Gold,43.7
1278,Female,23,45.3,52,8.9,5.0,7.0,0.283,8,6,Tier 3,Website,1.142,0.137,14.49,Bronze,31.1
1245,Female,62,56.7,43,3.1,4.7,2.2,0.397,16,2,Tier 3,Website,1.011,0.057,15.01,Silver,28.9
1311,Female,50,90.8,69,2.6,2.6,8.8,0.462,56,5,Tier 3,Store,0.794,0.153,32.26,Gold,35.8
1128,Female,22,82.3,70,13.4,7.8,4.3,0.512,40,4,Tier 2,App,0.93,0.069,26.66,Gold,41.9
1075,Male,38,94.3,31,10.5,7.7,4.9,0.134,26,2,Tier 1,App,0.978,0.03,16.83,Silver,35.0
1292,Non-binary,38,67.8,71,13.7,7.9,4.8,0.33,21,3,Tier 3,App,0.959,0.059,21.49,Silver,40.7
1030,Female,41,38.1,32,12.7,5.4,6.7,0.414,38,5,Tier 3,App,0.936,0.066,8.04,Gold,27.8
1084,Female,31,103.7,65,9.8,6.0,6.9,0.414,13,4,Tier 2,App,0.997,0.171,33.3,Silver,41.0
1299,Male,18,101.1,57,9.4,5.6,4.9,0.395,10,3,Tier 3,App,1.07,0.105,27.91,Bronze,38.8
1108,Male,32,118.5,60,3.5,5.3,10.2,0.306,26,3,Tier 2,Store,0.914,0.104,35.0,Silver,39.6
1291,Female,33,116.3,44,4.9,3.4,6.9,0.427,6,5,Tier 1,Store,0.79,0.108,31.64,Bronze,35.1
1220,Non-binary,28,80.7,68,10.1,2.5,4.4,0.459,6,4,Tier 2,Website,1.007,0.122,24.42,Bronze,36.3
1134,Male,33,82.9,55,7.4,2.9,6.7,0.403,16,4,Tier 2,Website,0.85,0.124,28.16,Silver,33.7
1185,Female,41,65.9,41,5.8,2.2,7.1,0.289,17,5,Tier 1,Website,1.1,0.113,19.64,Silver,28.2
1310,Female,57,22.0,53,6.7,1.5,5.9,0.607,3,3,Tier 1,Store,0.995,0.112,4.81,Bronze,25.4
1045,Male,37,84.5,59,9.5,2.1,8.2,0.555,7,3,Tier 1,Website,1.17,0.073,29.9,Bronze,34.6
1332,Male,44,66.1,46,7.7,3.7,3.5,0.459,8,5,Tier 1,App,0.983,0.137,14.5,Bronze,30.9
1066,Male,46,63.4,52,10.3,1.9,3.5,0.343,14,6,Tier 3,Website,0.97,0.109,18.23,Silver,30.9
1269,Non-binary,37,47.0,43,11.9,3.7,5.5,0.448,11,2,Tier 3,Website,0.899,0.04,9.12,Bronze,29.3
1086,Male,42,36.6,60,7.2,2.8,15.2,0.397,38,2,Tier 3,Store,0.856,0.094,12.98,Gold,29.5
1187,Male,38,76.9,50,6.4,2.4,6.5,0.293,10,5,Tier 2,Store,0.992,0.14,22.76,Bronze,31.5
1071,Male,21,47.0,41,7.2,2.5,6.9,0.413,21,1,Tier 2,Store,0.823,0.092,16.79,Silver,26.8
1160,Female,22,111.1,62,5.6,3.6,7.1,0.322,15,2,Tier 3,Store,0.798,0.059,35.0,Silver,38.3
1013,Male,37,92.6,63,10.3,1.9,12.0,0.382,29,4,Tier 2,Store,0.94,0.094,26.69,Silver,36.3
1036,Female,50,75.3,65,5.6,1.9,8.3,0.498,18,2,Tier 1,Store,1.185,0.055,27.43,Silver,33.6
1029,Male,41,78.6,47,5.1,3.2,6.3,0.39,6,5,Tier 2,Store,0.949,0.16,18.54,Bronze,31.4
1171,Male,28,63.3,41,5.9,3.4,4.0,0.494,30,2,Tier 2,Website,0.786,0.123,16.4,Silver,28.9
1143,Male,18,54.7,53,5.8,4.1,4.5,0.55,23,2,Tier 2,Store,0.956,0.08,17.06,Silver,30.8
1151,Male,34,34.5,50,12.0,4.2,9.2,0.408,40,4,Tier 2,Store,0.934,0.111,8.31,Gold,29.7
1229,Male,26,77.7,61,5.6,1.6,11.0,0.341,18,3,Tier 2,Store,1.019,0.061,24.91,Silver,32.8
1222,Female,39,44.2,59,6.4,2.3,13.0,0.439,11,1,Tier 1,Store,1.17,0.072,11.84,Bronze,29.5
1132,Male,19,80.8,51,6.2,4.0,9.1,0.28,21,3,Tier 3,Store,0.999,0.094,22.72,Silver,33.3
1289,Female,32,75.9,65,5.9,2.8,9.9,0.459,23,2,Tier 1,Store,1.032,0.083,24.05,Silver,34.4
1052,Male,44,22.0,60,1.8,2.2,11.2,0.412,25,3,Tier 2,Store,1.075,0.068,7.53,Silver,26.0
1295,Male,33,86.1,41,6.2,2.8,7.2,0.374,26,3,Tier 3,Website,0.939,0.037,20.11,Silver,31.1
1096,Male,19,75.8,62,6.0,2.6,7.2,0.419,31,5,Tier 2,App,0.948,0.158,21.83,Gold,33.7
1276,Male,41,65.1,55,4.9,2.2,11.9,0.466,8,1,Tier 2,Store,0.719,0.091,19.4,Bronze,30.6
1179,Female,35,22.0,50,7.3,2.8,8.5,0.491,14,4,Tier 1,Store,1.037,0.098,10.4,Silver,26.0
1205,Male,18,93.6,58,10.5,3.3,3.0,0.386,14,2,Tier 2,Website,1.057,0.071,30.68,Silver,36.6
1124,Female,52,85.9,49,11.3,2.7,8.4,0.504,29,4,Tier 3,Website,0.835,0.112,23.34,Silver,33.7
1042,Female,43,76.7,60,7.2,2.1,9.2,0.35,23,1,Tier 1,Store,1.084,0.049,28.88,Silver,33.3
1090,Female,41,81.2,56,6.8,4.2,7.0,0.404,16,6,Tier 3,Store,1.014,0.122,23.7,Silver,34.6
1281,Female,42,36.1,44,3.5,6.2,9.0,0.452,13,4,Tier 2,Store,0.722,0.102,6.52,Silver,28.2
1207,Female,26,68.2,52,9.6,6.0,5.8,0.551,32,6,Tier 3,App,0.744,0.094,18.92,Gold,34.6
1137,Female,40,28.0,48,9.0,1.8,3.6,0.304,6,2,Tier 3,Store,0.787,0.065,4.92,Bronze,25.9
1027,Male,42,82.6,78,9.2,5.0,5.7,0.537,35,1,Tier 3,Website,0.829,0.098,35.0,Gold,40.2
1353,Female,29,47.2,46,9.6,2.9,10.6,0.368,13,3,Tier 2,Store,1.035,0.067,17.36,Silver,28.7
1142,Male,24,93.5,39,11.5,8.0,3.7,0.387,7,2,Tier 1,App,0.859,0.037,24.56,Bronze,37.0
1247,Female,23,90.3,55,8.9,3.1,13.1,0.362,1,3,Tier 1,Store,0.981,0.131,26.59,Bronze,35.1
1300,Female,40,64.2,59,11.4,3.7,5.0,0.567,18,2,Tier 2,App,0.945,0.114,21.67,Silver,34.1
1005,Male,18,69.0,43,8.7,7.9,0.1,0.276,20,2,Tier 2,Website,0.991,0.083,11.54,Silver,34.3
1001,Female,40,68.3,49,13.1,4.6,7.0,0.371,6,2,Tier 2,App,0.855,0.01,14.35,Bronze,33.8
1323,Male,50,102.0,64,6.7,0.6,9.7,0.459,22,2,Tier 1,Store,1.166,0.096,35.0,Silver,35.5
1308,Female,52,83.6,51,14.3,4.6,5.8,0.288,4,4,Tier 1,App,1.012,0.105,24.53,Bronze,36.1
1328,Female,35,108.0,67,10.6,2.9,12.2,0.279,20,2,Tier 1,Store,1.277,0.131,35.0,Silver,39.6
1101,Male,31,79.5,48,8.6,6.1,9.3,0.482,17,3,Tier 1,Store,1.135,0.107,23.73,Silver,34.9
1227,Male,66,43.8,44,5.1,4.2,8.3,0.248,58,2,Tier 3,Store,1.016,0.064,6.43,Gold,27.8
1344,Male,41,70.6,67,7.5,4.0,6.5,0.514,10,3,Tier 2,Store,0.889,0.079,22.62,Bronze,35.6
1214,Female,30,50.4,73,9.8,5.0,4.3,0.454,22,1,Tier 2,App,1.129,0.078,20.77,Silver,35.9
1172,Female,41,49.4,39,7.7,2.8,6.9,0.374,5,5,Tier 1,Store,0.741,0.172,15.41,Bronze,27.0
1099,Female,41,80.0,56,6.7,3.2,7.7,0.389,34,3,Tier 3,Store,0.829,0.081,19.64,Gold,33.7
1216,Male,48,37.1,51,7.1,5.0,2.4,0.432,19,3,Tier 3,Website,0.987,0.001,6.75,Silver,29.5
1062,Female,32,51.9,49,10.9,4.8,8.5,0.348,9,2,Tier 3,App,0.933,0.087,11.87,Bronze,31.6
1048,Male,39,91.9,47,5.2,4.8,3.5,0.309,3,5,Tier 3,Store,1.026,0.108,27.0,Bronze,34.2
1033,Male,30,60.7,38,7.4,3.7,8.9,0.257,11,3,Tier 2,Store,0.671,0.03,14.32,Bronze,28.7
1201,Male,40,70.3,47,7.8,5.5,7.5,0.44,9,4,Tier 3,App,1.075,0.066,18.28,Bronze,33.0
1321,Non-binary,45,91.6,40,12.1,6.6,2.2,0.357,72,3,Tier 1,App,1.194,0.121,23.43,Platinum,36.0
1028,Male,40,84.6,61,5.8,3.8,7.3,0.436,16,2,Tier 2,Store,0.864,0.078,30.56,Silver,35.4
1283,Male,47,121.3,53,4.3,7.9,10.4,0.512,53,2,Tier 3,Store,0.744,0.108,34.82,Gold,40.8
1231,Male,18,42.7,27,4.3,4.6,4.9,0.363,8,2,Tier 3,Website,0.822,0.034,5.1,Bronze,24.6
1261,Female,33,61.4,58,9.7,1.0,5.0,0.475,14,1,Tier 2,Website,1.001,0.015,18.85,Silver,31.0
1163,Female,62,104.1,36,5.7,5.4,5.6,0.279,5,4,Tier 3,Website,0.849,0.14,24.48,Bronze,34.0
1322,Female,34,87.0,69,2.1,2.9,9.4,0.367,10,1,Tier 2,Store,1.156,0.056,30.3,Bronze,35.5
1139,Male,60,24.2,11,5.5,6.7,6.8,0.229,7,1,Tier 2,Store,0.797,0.03,3.0,Bronze,21.5
1063,Female,38,57.7,74,10.1,7.9,5.3,0.411,10,1,Tier 2,App,1.13,0.04,20.47,Bronze,39.3
1136,Female,24,94.5,60,10.4,2.2,4.3,0.568,25,1,Tier 1,Website,0.813,0.0,33.51,Silver,36.2
1129,Female,28,51.6,41,9.7,5.5,9.4,0.325,25,2,Tier 3,Store,0.988,0.064,10.09,Silver,30.3
1009,Female,36,76.9,37,6.9,5.4,8.9,0.39,66,1,Tier 1,Store,1.009,0.091,15.94,Platinum,31.5
1065,Female,45,50.7,46,10.2,2.0,11.6,0.398,25,4,Tier 2,Store,0.73,0.116,15.95,Silver,28.5
1015,Non-binary,42,85.3,57,8.0,0.0,10.7,0.278,17,1,Tier 2,Store,1.097,0.057,28.28,Silver,32.2
1157,Female,38,88.0,55,8.5,5.1,3.8,0.399,8,4,Tier 3,App,0.846,0.158,26.27,Bronze,36.3
1041,Female,45,67.7,67,11.6,8.8,3.1,0.395,17,5,Tier 1,App,0.914,0.137,22.78,Silver,40.1
1350,Male,54,87.5,50,9.5,4.6,6.0,0.466,13,2,Tier 2,Website,0.896,0.086,17.78,Silver,35.2
1293,Female,54,112.0,48,9.7,4.5,2.2,0.478,8,4,Tier 1,App,1.039,0.129,32.7,Bronze,37.5
1217,Male,42,104.1,40,10.2,4.6,6.1,0.393,42,3,Tier 3,App,1.07,0.101,25.79,Gold,35.3
1280,Male,39,84.6,65,7.2,3.9,8.5,0.53,15,4,Tier 2,Store,0.739,0.141,30.59,Silver,36.6
1312,Female,41,78.5,55,8.4,7.7,6.9,0.23,14,3,Tier 2,App,0.988,0.1,24.91,Silver,37.3
1237,Male,18,59.5,48,6.5,1.2,3.3,0.322,30,2,Tier 2,Website,0.994,0.084,19.94,Silver,28.3
1208,Female,21,56.3,59,8.5,3.4,5.8,0.275,11,5,Tier 2,Website,1.031,0.097,17.86,Bronze,32.2
1213,Male,36,78.3,70,11.8,7.8,6.6,0.418,9,2,Tier 2,App,0.894,0.087,29.44,Bronze,41.1
1329,Female,22,61.0,40,12.3,1.8,7.1,0.304,16,5,Tier 2,Website,0.969,0.143,13.9,Silver,28.8
1252,Female,40,77.6,51,7.0,3.4,5.9,0.484,9,3,Tier 2,Store,0.916,0.043,20.46,Bronze,32.7
1351,Male,40,71.7,48,8.4,2.1,10.7,0.395,40,3,Tier 1,Store,1.037,0.022,24.37,Gold,30.8
1330,Female,30,61.8,58,5.8,5.4,3.5,0.362,18,2,Tier 2,App,1.217,0.028,20.99,Silver,33.6
1270,Non-binary,36,22.0,37,8.1,1.8,9.2,0.336,8,1,Tier 2,Store,0.598,0.025,3.0,Bronze,22.9
1202,Male,53,80.0,37,8.1,4.9,9.0,0.378,7,4,Tier 2,Store,0.734,0.1,19.69,Bronze,31.8
1162,Female,27,50.7,64,5.0,1.0,5.5,0.388,8,2,Tier 2,Website,1.0,0.027,22.22,Bronze,29.8
1044,Female,39,62.6,59,5.2,4.6,9.7,0.419,5,2,Tier 1,Store,1.137,0.111,20.29,Bronze,33.1
1218,Male,52,102.0,52,6.3,3.0,7.7,0.479,14,2,Tier 1,Store,0.925,0.092,22.26,Silver,35.1
1191,Male,57,81.2,38,5.2,8.3,3.7,0.171,15,2,Tier 3,App,0.913,0.062,18.23,Silver,34.1
1260,Non-binary,20,106.8,69,9.4,3.2,7.3,0.555,10,3,Tier 3,Website,1.139,0.057,35.0,Bronze,39.8
1106,Female,34,61.0,51,12.9,6.0,6.8,0.404,12,4,Tier 3,App,0.871,0.103,17.71,Bronze,34.4
1054,Male,32,90.0,75,6.4,4.5,4.6,0.531,21,1,Tier 1,Website,0.987,0.061,33.68,Silver,39.4
1002,Female,24,81.2,73,11.4,5.2,7.9,0.411,55,3,Tier 2,App,1.223,0.073,29.65,Gold,39.8
1050,Female,37,40.9,70,5.7,5.6,4.4,0.489,26,4,Tier 2,App,0.798,0.109,15.85,Silver,33.7
1081,Female,41,67.5,38,9.4,1.8,9.3,0.306,12,2,Tier 3,Store,0.691,0.051,12.63,Bronze,28.4
1206,Male,35,89.7,82,10.5,7.0,9.4,0.492,25,1,Tier 2,App,0.996,0.082,35.0,Silver,43.7
1035,Male,43,88.8,79,7.9,3.4,6.9,0.625,13,2,Tier 2,Website,0.989,0.06,35.0,Silver,39.5
1264,Male,29,57.1,62,4.7,4.1,10.9,0.42,25,4,Tier 2,Store,1.197,0.107,17.71,Silver,32.5
1092,Male,35,80.4,46,7.9,4.1,4.0,0.486,13,2,Tier 1,App,1.184,0.129,20.16,Silver,32.8
1053,Male,19,55.7,57,7.2,6.0,4.3,0.494,13,2,Tier 2,Website,0.918,0.062,20.49,Silver,33.6
1265,Female,42,83.3,58,9.7,3.9,7.6,0.35,11,2,Tier 3,Website,0.713,0.086,20.82,Bronze,35.7
1242,Male,35,58.1,52,5.4,1.4,5.2,0.515,9,2,Tier 2,Website,0.944,0.092,16.43,Bronze,28.7
1014,Male,50,92.2,50,6.5,1.3,6.8,0.304,41,3,Tier 3,Store,1.044,0.107,28.4,Gold,32.3
1316,Male,32,80.4,55,6.0,4.2,9.9,0.45,16,3,Tier 3,Store,1.17,0.034,23.97,Silver,34.2
1089,Male,42,98.8,51,11.0,3.7,6.4,0.353,12,5,Tier 3,Website,0.841,0.125,29.77,Bronze,36.3
1274,Male,61,25.5,56,6.9,3.1,4.4,0.482,32,1,Tier 2,Website,1.016,0.119,4.31,Gold,27.6
1167,Female,47,106.9,73,10.3,7.5,4.7,0.521,11,3,Tier 1,App,1.12,0.047,35.0,Bronze,44.2
1354,Male,46,71.7,27,9.4,4.1,9.7,0.217,10,3,Tier 3,Store,0.901,0.076,8.76,Bronze,28.6
1135,Male,18,64.6,59,7.5,6.8,2.2,0.388,30,5,Tier 2,Website,0.897,0.105,23.55,Silver,35.6
1307,Male,32,33.2,16,7.8,3.5,8.1,0.238,9,2,Tier 3,Website,0.809,0.075,7.67,Bronze,21.4
1346,Male,18,48.6,52,5.8,3.7,7.8,0.383,6,5,Tier 3,Website,0.556,0.119,10.59,Bronze,29.6
1320,Female,22,68.0,65,7.9,4.0,10.7,0.45,44,2,Tier 3,Store,0.769,0.129,23.34,Gold,35.0
1244,Male,18,56.9,53,3.9,4.2,6.4,0.486,15,5,Tier 2,Store,0.992,0.104,20.37,Silver,30.7
1055,Female,30,65.2,53,0.8,0.0,8.2,0.505,23,3,Tier 1,Store,1.169,0.049,18.27,Silver,27.4
1051,Male,39,36.4,69,7.2,5.4,7.4,0.563,18,4,Tier 1,Store,1.185,0.122,13.53,Silver,33.2
1175,Male,21,34.4,45,8.7,3.6,2.9,0.322,34,1,Tier 3,Website,0.923,0.04,8.88,Gold,27.4
1190,Male,56,87.9,35,9.2,4.4,10.0,0.261,24,4,Tier 3,Store,0.892,0.158,19.16,Silver,32.1
1358,Female,39,88.5,94,7.3,2.4,5.7,0.59,18,3,Tier 2,Website,1.461,0.05,35.0,Silver,41.3
1188,Male,21,47.8,34,1.6,3.8,10.4,0.251,11,2,Tier 3,Store,0.793,0.097,9.39,Bronze,25.2
1170,Male,36,109.6,35,7.5,1.7,1.9,0.181,26,2,Tier 1,Website,0.854,0.054,22.37,Silver,31.9
1059,Male,26,70.3,55,9.6,5.9,0.8,0.458,10,3,Tier 2,Website,1.028,0.051,20.95,Bronze,35.3
1049,Female,44,24.2,24,11.1,3.0,8.9,0.266,53,6,Tier 3,Store,0.997,0.131,10.2,Gold,22.4
1236,Male,28,61.8,72,7.4,7.4,6.7,0.49,25,2,Tier 3,Website,1.163,0.039,19.81,Silver,38.2
1253,Female,57,37.8,44,5.0,4.9,8.4,0.381,13,5,Tier 3,Store,0.908,0.085,8.07,Silver,27.7
1022,Female,28,103.4,77,9.5,8.0,6.0,0.552,11,3,Tier 3,App,0.988,0.055,35.0,Bronze,44.8
1314,Male,41,40.4,52,6.4,4.6,7.6,0.316,14,2,Tier 3,Website,1.034,0.068,13.46,Silver,29.6
1161,Female,24,48.7,54,11.1,2.7,4.4,0.554,65,4,Tier 2,App,0.994,0.053,15.31,Platinum,30.6
1277,Male,27,67.4,64,16.6,4.2,4.9,0.501,39,5,Tier 1,App,1.177,0.08,25.14,Gold,37.1
1192,Male,34,85.4,61,6.8,7.6,0.0,0.343,8,2,Tier 3,App,1.023,0.025,28.29,Bronze,38.8
1294,Male,18,45.5,29,4.0,3.7,7.7,0.27,24,3,Tier 1,Store,0.992,0.092,7.86,Silver,24.5
1258,Female,31,77.8,49,9.1,1.9,0.7,0.391,23,4,Tier 2,Website,0.719,0.126,22.98,Silver,31.7
1309,Female,43,59.5,48,5.2,5.0,2.4,0.512,21,2,Tier 1,App,0.999,0.059,15.2,Silver,31.0
1150,Male,38,83.2,53,8.2,2.6,5.6,0.322,21,1,Tier 2,Website,0.887,0.034,26.98,Silver,33.4
1131,Female,31,98.0,53,9.9,8.2,2.0,0.374,6,3,Tier 1,App,0.983,0.072,30.46,Bronze,39.9
1152,Female,24,64.9,40,7.4,9.8,3.3,0.408,36,2,Tier 2,App,1.061,0.075,13.43,Gold,34.4
1100,Female,25,71.4,39,1.2,3.3,11.3,0.406,9,3,Tier 1,Store,1.065,0.056,17.5,Bronze,28.2
1088,Male,36,64.0,33,6.2,5.6,10.0,0.133,28,3,Tier 3,Store,0.742,0.08,15.01,Silver,29.3
1331,Male,54,79.5,32,12.2,0.8,10.1,0.32,7,2,Tier 2,Store,0.892,0.104,14.2,Bronze,28.5
1215,Female,32,76.6,58,7.1,7.2,4.0,0.284,27,3,Tier 2,App,0.999,0.088,19.43,Silver,37.0
1122,Female,38,106.4,58,4.3,2.9,8.3,0.547,17,4,Tier 1,Store,0.989,0.171,35.0,Silver,36.1
1360,Male,34,47.5,68,5.2,8.1,8.9,0.375,46,5,Tier 1,Store,1.131,0.19,13.63,Gold,35.9
1021,Female,34,74.6,67,1.7,5.1,6.7,0.552,14,2,Tier 2,Store,0.834,0.076,21.9,Silver,35.4
1189,Female,20,89.0,60,5.4,3.8,12.3,0.341,38,3,Tier 1,Store,1.059,0.122,30.04,Gold,35.6
1072,Female,22,83.4,40,13.2,1.8,4.6,0.361,27,3,Tier 1,Website,1.001,0.062,19.85,Silver,31.5
1107,Female,25,65.0,54,5.3,0.4,5.6,0.486,13,2,Tier 1,Website,1.116,0.06,19.71,Silver,29.1
1271,Female,27,110.7,74,9.4,5.1,4.5,0.338,28,2,Tier 2,Website,1.063,0.064,35.0,Silver,42.7
1349,Female,18,66.7,76,8.4,8.0,1.4,0.518,28,3,Tier 2,App,0.835,0.06,26.58,Silver,40.3
1103,Male,32,33.9,30,9.5,3.0,8.4,0.216,8,3,Tier 3,Store,0.9,0.072,5.34,Bronze,24.2
